{
  "token_acc":1.0,
  "token_p":1.0,
  "token_r":1.0,
  "token_f":1.0,
  "spans_entities_p":0.7731800766,
  "spans_entities_r":0.6726666667,
  "spans_entities_f":0.71942959,
  "spans_entities_per_type":{
    "GPE":{
      "p":0.6818181818,
      "r":0.5940594059,
      "f":0.6349206349
    },
    "ORG":{
      "p":0.0,
      "r":0.0,
      "f":0.0
    },
    "PER":{
      "p":0.7917077986,
      "r":0.7330895795,
      "f":0.7612719506
    },
    "LOC":{
      "p":0.6585365854,
      "r":0.45,
      "f":0.5346534653
    },
    "FAC":{
      "p":0.736196319,
      "r":0.5286343612,
      "f":0.6153846154
    },
    "VEH":{
      "p":0.0,
      "r":0.0,
      "f":0.0
    }
  },
  "speed":9225.1963731757
}