{
  "token_acc":1.0,
  "token_p":1.0,
  "token_r":1.0,
  "token_f":1.0,
  "spans_entities_p":0.78894081,
  "spans_entities_r":0.6753333333,
  "spans_entities_f":0.7277298851,
  "spans_entities_per_type":{
    "ORG":{
      "p":0.0,
      "r":0.0,
      "f":0.0
    },
    "GPE":{
      "p":0.7179487179,
      "r":0.5544554455,
      "f":0.625698324
    },
    "FAC":{
      "p":0.746835443,
      "r":0.5198237885,
      "f":0.612987013
    },
    "LOC":{
      "p":0.7368421053,
      "r":0.4666666667,
      "f":0.5714285714
    },
    "PER":{
      "p":0.802970297,
      "r":0.7413162706,
      "f":0.7709125475
    },
    "VEH":{
      "p":0.0,
      "r":0.0,
      "f":0.0
    }
  },
  "speed":9428.0690735548
}