{
  "token_acc":1.0,
  "token_p":1.0,
  "token_r":1.0,
  "token_f":1.0,
  "spans_entities_p":0.8473389356,
  "spans_entities_r":0.8066666667,
  "spans_entities_f":0.8265027322,
  "spans_entities_per_type":{
    "ORG":{
      "p":0.0,
      "r":0.0,
      "f":0.0
    },
    "LOC":{
      "p":0.6769230769,
      "r":0.7333333333,
      "f":0.704
    },
    "FAC":{
      "p":0.75,
      "r":0.7400881057,
      "f":0.7450110865
    },
    "PER":{
      "p":0.8783524904,
      "r":0.8382084095,
      "f":0.8578110384
    },
    "GPE":{
      "p":0.8571428571,
      "r":0.7722772277,
      "f":0.8125
    },
    "VEH":{
      "p":0.75,
      "r":0.6,
      "f":0.6666666667
    }
  },
  "speed":6635.0875881882
}