{
  "token_acc":1.0,
  "token_p":1.0,
  "token_r":1.0,
  "token_f":1.0,
  "sents_p":null,
  "sents_r":null,
  "sents_f":null,
  "dep_uas":null,
  "dep_las":null,
  "dep_las_per_type":null,
  "spans_entities_p":0.8066390041,
  "spans_entities_r":0.648,
  "spans_entities_f":0.7186691312,
  "spans_entities_per_type":{
    "PER":{
      "p":0.8233471074,
      "r":0.7285191956,
      "f":0.7730358875
    },
    "FAC":{
      "p":0.8034188034,
      "r":0.4140969163,
      "f":0.5465116279
    },
    "ORG":{
      "p":0.0,
      "r":0.0,
      "f":0.0
    },
    "GPE":{
      "p":0.7692307692,
      "r":0.495049505,
      "f":0.6024096386
    },
    "LOC":{
      "p":0.5636363636,
      "r":0.5166666667,
      "f":0.5391304348
    },
    "VEH":{
      "p":0.0,
      "r":0.0,
      "f":0.0
    }
  },
  "speed":9423.0116021892
}