{
  "token_acc":1.0,
  "token_p":1.0,
  "token_r":1.0,
  "token_f":1.0,
  "spans_entities_p":0.8137817884,
  "spans_entities_r":0.6613333333,
  "spans_entities_f":0.7296800294,
  "spans_entities_per_type":{
    "PER":{
      "p":0.826903024,
      "r":0.7248628885,
      "f":0.7725280078
    },
    "ORG":{
      "p":0.0,
      "r":0.0,
      "f":0.0
    },
    "FAC":{
      "p":0.7916666667,
      "r":0.5022026432,
      "f":0.6145552561
    },
    "GPE":{
      "p":0.7142857143,
      "r":0.5445544554,
      "f":0.6179775281
    },
    "LOC":{
      "p":0.7692307692,
      "r":0.5,
      "f":0.6060606061
    },
    "VEH":{
      "p":0.0,
      "r":0.0,
      "f":0.0
    }
  },
  "speed":9113.5622165097
}