{
  "token_acc":1.0,
  "token_p":1.0,
  "token_r":1.0,
  "token_f":1.0,
  "spans_entities_p":0.8197256695,
  "spans_entities_r":0.8366666667,
  "spans_entities_f":0.8281095348,
  "spans_entities_per_type":{
    "LOC":{
      "p":0.609375,
      "r":0.65,
      "f":0.6290322581
    },
    "FAC":{
      "p":0.7198275862,
      "r":0.7356828194,
      "f":0.7276688453
    },
    "ORG":{
      "p":0.2857142857,
      "r":0.1538461538,
      "f":0.2
    },
    "PER":{
      "p":0.8600896861,
      "r":0.8765996344,
      "f":0.8682661838
    },
    "GPE":{
      "p":0.8018867925,
      "r":0.8415841584,
      "f":0.8212560386
    },
    "VEH":{
      "p":0.4285714286,
      "r":0.6,
      "f":0.5
    }
  },
  "speed":3997.9867971076
}