{
  "token_acc":1.0,
  "token_p":1.0,
  "token_r":1.0,
  "token_f":1.0,
  "spans_entities_p":0.7715355805,
  "spans_entities_r":0.6866666667,
  "spans_entities_f":0.7266313933,
  "spans_entities_per_type":{
    "FAC":{
      "p":0.7466666667,
      "r":0.4933920705,
      "f":0.5941644562
    },
    "LOC":{
      "p":0.6,
      "r":0.55,
      "f":0.5739130435
    },
    "PER":{
      "p":0.7968901846,
      "r":0.7495429616,
      "f":0.7724917569
    },
    "ORG":{
      "p":0.0,
      "r":0.0,
      "f":0.0
    },
    "GPE":{
      "p":0.6777777778,
      "r":0.603960396,
      "f":0.6387434555
    },
    "VEH":{
      "p":0.6666666667,
      "r":0.8,
      "f":0.7272727273
    }
  },
  "speed":5420.3606024317
}