{
  "token_acc":1.0,
  "token_p":1.0,
  "token_r":1.0,
  "token_f":1.0,
  "spans_entities_p":0.8190675017,
  "spans_entities_r":0.7846666667,
  "spans_entities_f":0.8014981273,
  "spans_entities_per_type":{
    "PER":{
      "p":0.8699029126,
      "r":0.8190127971,
      "f":0.8436911488
    },
    "FAC":{
      "p":0.7192118227,
      "r":0.6431718062,
      "f":0.6790697674
    },
    "ORG":{
      "p":0.2,
      "r":0.0769230769,
      "f":0.1111111111
    },
    "LOC":{
      "p":0.5526315789,
      "r":0.7,
      "f":0.6176470588
    },
    "GPE":{
      "p":0.7478991597,
      "r":0.8811881188,
      "f":0.8090909091
    },
    "VEH":{
      "p":0.75,
      "r":0.6,
      "f":0.6666666667
    }
  },
  "speed":6937.5913728369
}
