{
  "token_acc":1.0,
  "token_p":1.0,
  "token_r":1.0,
  "token_f":1.0,
  "spans_entities_p":0.8485491861,
  "spans_entities_r":0.7993333333,
  "spans_entities_f":0.8232063165,
  "spans_entities_per_type":{
    "FAC":{
      "p":0.8021390374,
      "r":0.6607929515,
      "f":0.7246376812
    },
    "LOC":{
      "p":0.6721311475,
      "r":0.6833333333,
      "f":0.6776859504
    },
    "PER":{
      "p":0.8796920115,
      "r":0.8354661792,
      "f":0.8570089076
    },
    "ORG":{
      "p":0.5,
      "r":0.1538461538,
      "f":0.2352941176
    },
    "GPE":{
      "p":0.7672413793,
      "r":0.8811881188,
      "f":0.8202764977
    },
    "VEH":{
      "p":0.5,
      "r":0.6,
      "f":0.5454545455
    }
  },
  "speed":6955.4756660341
}