{
  "token_acc":1.0,
  "token_p":1.0,
  "token_r":1.0,
  "token_f":1.0,
  "spans_entities_p":0.805907173,
  "spans_entities_r":0.6366666667,
  "spans_entities_f":0.7113594041,
  "spans_entities_per_type":{
    "LOC":{
      "p":0.6666666667,
      "r":0.5,
      "f":0.5714285714
    },
    "GPE":{
      "p":0.7846153846,
      "r":0.504950495,
      "f":0.6144578313
    },
    "PER":{
      "p":0.8103813559,
      "r":0.6992687386,
      "f":0.7507360157
    },
    "FAC":{
      "p":0.8320610687,
      "r":0.4801762115,
      "f":0.6089385475
    },
    "ORG":{
      "p":0.0,
      "r":0.0,
      "f":0.0
    },
    "VEH":{
      "p":0.0,
      "r":0.0,
      "f":0.0
    }
  },
  "speed":9446.1449469393
}