{
  "token_acc":1.0,
  "token_p":1.0,
  "token_r":1.0,
  "token_f":1.0,
  "sents_p":null,
  "sents_r":null,
  "sents_f":null,
  "dep_uas":null,
  "dep_las":null,
  "dep_las_per_type":null,
  "spans_entities_p":0.8538181818,
  "spans_entities_r":0.7826666667,
  "spans_entities_f":0.8166956522,
  "spans_entities_per_type":{
    "ORG":{
      "p":0.4285714286,
      "r":0.2307692308,
      "f":0.3
    },
    "FAC":{
      "p":0.7788944724,
      "r":0.6828193833,
      "f":0.7276995305
    },
    "LOC":{
      "p":0.6551724138,
      "r":0.6333333333,
      "f":0.6440677966
    },
    "GPE":{
      "p":0.7941176471,
      "r":0.801980198,
      "f":0.7980295567
    },
    "PER":{
      "p":0.8914342629,
      "r":0.8180987203,
      "f":0.8531935176
    },
    "VEH":{
      "p":0.4,
      "r":0.4,
      "f":0.4
    }
  },
  "speed":5879.4440059898
}