{
  "token_acc":null,
  "token_p":null,
  "token_r":null,
  "token_f":null,
  "ents_p":0.5879828326,
  "ents_r":0.5009140768,
  "ents_f":0.5409674235,
  "ents_per_type":{
    "Place":{
      "p":0.5879828326,
      "r":0.5009140768,
      "f":0.5409674235
    }
  },
  "speed":10032.3348322318
}