{
  "token_acc":null,
  "token_p":null,
  "token_r":null,
  "token_f":null,
  "ents_p":0.6160572337,
  "ents_r":0.5450070323,
  "ents_f":0.578358209,
  "ents_per_type":{
    "Person":{
      "p":0.6160572337,
      "r":0.5450070323,
      "f":0.578358209
    }
  },
  "speed":23345.813458759
}