{
  "token_acc":null,
  "token_p":null,
  "token_r":null,
  "token_f":null,
  "ents_p":0.305785124,
  "ents_r":0.2434210526,
  "ents_f":0.2710622711,
  "ents_per_type":{
    "Organization":{
      "p":0.305785124,
      "r":0.2434210526,
      "f":0.2710622711
    }
  },
  "speed":9769.0108343958
}