{
  "token_acc":null,
  "token_p":null,
  "token_r":null,
  "token_f":null,
  "ents_p":0.2699386503,
  "ents_r":0.2894736842,
  "ents_f":0.2793650794,
  "ents_per_type":{
    "Organization":{
      "p":0.2699386503,
      "r":0.2894736842,
      "f":0.2793650794
    }
  },
  "speed":9642.271879404
}