{
  "token_acc":null,
  "token_p":null,
  "token_r":null,
  "token_f":null,
  "ents_p":0.5378640777,
  "ents_r":0.5063985375,
  "ents_f":0.5216572505,
  "ents_per_type":{
    "Place":{
      "p":0.5378640777,
      "r":0.5063985375,
      "f":0.5216572505
    }
  },
  "speed":9630.1794752924
}