{
  "token_acc":null,
  "token_p":null,
  "token_r":null,
  "token_f":null,
  "ents_p":0.6195965418,
  "ents_r":0.3930530165,
  "ents_f":0.48098434,
  "ents_per_type":{
    "Place":{
      "p":0.6195965418,
      "r":0.3930530165,
      "f":0.48098434
    }
  },
  "speed":23527.2440422958
}