{
  "token_acc":null,
  "token_p":null,
  "token_r":null,
  "token_f":null,
  "ents_p":0.6749226006,
  "ents_r":0.6132208158,
  "ents_f":0.6425939573,
  "ents_per_type":{
    "Person":{
      "p":0.6749226006,
      "r":0.6132208158,
      "f":0.6425939573
    }
  },
  "speed":9468.6002519517
}