{
  "token_acc":null,
  "token_p":null,
  "token_r":null,
  "token_f":null,
  "ents_p":0.6558490566,
  "ents_r":0.6111111111,
  "ents_f":0.6326902075,
  "ents_per_type":{
    "Person":{
      "p":0.6558490566,
      "r":0.6111111111,
      "f":0.6326902075
    }
  },
  "speed":9574.6962650085
}