{
  "token_acc":null,
  "token_p":null,
  "token_r":null,
  "token_f":null,
  "ents_p":0.6082644628,
  "ents_r":0.517580872,
  "ents_f":0.5592705167,
  "ents_per_type":{
    "Person":{
      "p":0.6082644628,
      "r":0.517580872,
      "f":0.5592705167
    }
  },
  "speed":23594.0777905385
}