{
  "token_acc":null,
  "token_p":null,
  "token_r":null,
  "token_f":null,
  "ents_p":0.5819935691,
  "ents_r":0.3308957952,
  "ents_f":0.4219114219,
  "ents_per_type":{
    "Place":{
      "p":0.5819935691,
      "r":0.3308957952,
      "f":0.4219114219
    }
  },
  "speed":23253.6035991047
}