{
  "token_acc":null,
  "token_p":null,
  "token_r":null,
  "token_f":null,
  "spans_NE-MAIN_p":0.6792318634,
  "spans_NE-MAIN_r":0.4502593116,
  "spans_NE-MAIN_f":0.5415367168,
  "spans_NE-MAIN_per_type":{
    "Place":{
      "p":0.676975945,
      "r":0.3601462523,
      "f":0.4701670644
    },
    "Person":{
      "p":0.6798206278,
      "r":0.5330520394,
      "f":0.5975561687
    },
    "Organization":{
      "p":0.0,
      "r":0.0,
      "f":0.0
    }
  },
  "speed":17211.4780320147
}