{
  "token_acc":null,
  "token_p":null,
  "token_r":null,
  "token_f":null,
  "span_finder_NE-MAIN_p":0.6487138264,
  "span_finder_NE-MAIN_r":0.3799435028,
  "span_finder_NE-MAIN_f":0.479216152,
  "spans_NE-MAIN_p":0.6446945338,
  "spans_NE-MAIN_r":0.3775894539,
  "spans_NE-MAIN_f":0.4762470309,
  "spans_NE-MAIN_per_type":{
    "Person":{
      "p":0.670045045,
      "r":0.4178370787,
      "f":0.5147058824
    },
    "Organization":{
      "p":0.25,
      "r":0.0197368421,
      "f":0.0365853659
    },
    "Place":{
      "p":0.5930232558,
      "r":0.3722627737,
      "f":0.4573991031
    }
  },
  "speed":9922.9019770516
}