{
  "token_acc":null,
  "token_p":null,
  "token_r":null,
  "token_f":null,
  "spans_NE-MAIN_p":0.6802205376,
  "spans_NE-MAIN_r":0.4653465347,
  "spans_NE-MAIN_f":0.5526315789,
  "spans_NE-MAIN_per_type":{
    "Place":{
      "p":0.5841346154,
      "r":0.4442413163,
      "f":0.5046728972
    },
    "Person":{
      "p":0.7188405797,
      "r":0.5232067511,
      "f":0.6056166056
    },
    "Organization":{
      "p":0.0,
      "r":0.0,
      "f":0.0
    }
  },
  "speed":6824.9444779619
}