{
  "token_acc":null,
  "token_p":null,
  "token_r":null,
  "token_f":null,
  "spans_NE-MAIN_p":0.7058823529,
  "spans_NE-MAIN_r":0.441301273,
  "spans_NE-MAIN_f":0.5430809399,
  "spans_NE-MAIN_per_type":{
    "Place":{
      "p":0.6721311475,
      "r":0.3747714808,
      "f":0.4812206573
    },
    "Person":{
      "p":0.7159647405,
      "r":0.5140646976,
      "f":0.5984445354
    },
    "Organization":{
      "p":0.0,
      "r":0.0,
      "f":0.0
    }
  },
  "speed":17505.6819686741
}