{
  "token_acc":null,
  "token_p":null,
  "token_r":null,
  "token_f":null,
  "spans_NE-MAIN_p":0.6676885346,
  "spans_NE-MAIN_r":0.513437058,
  "spans_NE-MAIN_f":0.5804904051,
  "spans_NE-MAIN_per_type":{
    "Organization":{
      "p":0.25,
      "r":0.0131578947,
      "f":0.025
    },
    "Place":{
      "p":0.5436241611,
      "r":0.4442413163,
      "f":0.4889336016
    },
    "Person":{
      "p":0.7176870748,
      "r":0.5935302391,
      "f":0.649730562
    }
  },
  "speed":8389.3203285795
}