{
  "token_acc":null,
  "token_p":null,
  "token_r":null,
  "token_f":null,
  "spans_NE-MAIN_p":0.6184279021,
  "spans_NE-MAIN_r":0.5601131542,
  "spans_NE-MAIN_f":0.587827808,
  "spans_NE-MAIN_per_type":{
    "Person":{
      "p":0.6683937824,
      "r":0.635021097,
      "f":0.6512802019
    },
    "Place":{
      "p":0.5108303249,
      "r":0.5173674589,
      "f":0.5140781108
    },
    "Organization":{
      "p":0.125,
      "r":0.0131578947,
      "f":0.0238095238
    }
  },
  "speed":8172.5202859858
}