{
  "token_acc":null,
  "token_p":null,
  "token_r":null,
  "token_f":null,
  "spans_NE-MAIN_p":0.626842908,
  "spans_NE-MAIN_r":0.5813295615,
  "spans_NE-MAIN_f":0.6032289628,
  "spans_NE-MAIN_per_type":{
    "Person":{
      "p":0.6934749621,
      "r":0.6427566807,
      "f":0.6671532847
    },
    "Organization":{
      "p":0.314516129,
      "r":0.2565789474,
      "f":0.2826086957
    },
    "Place":{
      "p":0.5333333333,
      "r":0.5118829982,
      "f":0.5223880597
    }
  },
  "speed":4637.4169237482
}